product_id;brand;name;total_price;Category
1;Flashset;Thyme - Fresh;168.57;Oil & Masala
2;Dabjam;Pepper - Green;48.01;Beverages
3;Kwinu;Tea - Black Currant;219.19;Food Grains
4;Oloo;Aspic - Amber;72.48;Fruits & Veggies
5;Jaxbean;Wine - Magnotta - Cab Franc;124.17;Food Grains
6;Vinder;Pie Filling - Apple;109.1;Food Grains
7;Agimba;Water - Spring Water 500ml;183.72;Fruits & Veggies
8;LiveZ;Nantucket - 518ml;58.92;Fruits & Veggies
9;Tanoodle;Cheese - Le Cru Du Clocher;83.04;Bakery
10;Oloo;Jello - Assorted;121.96;Bakery
11;Kare;Plastic Wrap;16.58;Snacks
12;Dynazzy;Wine - Chardonnay South;99.78;Eggs, Meat & Fish
13;Linktype;Cheese - Parmigiano Reggiano;230.02;Snacks
14;Avaveo;Sugar - Monocystal / Rock;136.28;Fruits & Veggies
15;Wikibox;Wine - Prem Select Charddonany;113.35;Eggs, Meat & Fish
16;Flipopia;Lychee - Canned;104.78;Oil & Masala
17;Gigashots;Sugar - Brown, Individual;128.88;Bakery
18;Myworks;Broccoli - Fresh;163.88;Beverages
19;Devshare;Ham - Smoked, Bone - In;160.91;Eggs, Meat & Fish
20;Blognation;Wine - Red, Gallo, Merlot;125.08;Beverages
21;Riffpath;Mushroom - Morels, Dry;179.51;Beverages
22;Demizz;Wine - Beringer Founders Estate;187.44;Food Grains
23;Youspan;Milk - 2% 250 Ml;34.15;Beverages
24;Mycat;Syrup - Monin - Granny Smith;78.71;Fruits & Veggies
25;Agimba;Clams - Littleneck, Whole;42.39;Eggs, Meat & Fish
26;Avamm;Muffin Mix - Morning Glory;134.11;Snacks
27;Jayo;Pastry - Chocolate Marble Tea;216.63;Snacks
28;Zazio;Turkey Leg With Drum And Thigh;73.01;Bakery
29;Photospace;Oven Mitt - 13 Inch;121.11;Beverages
30;Einti;Spinach - Spinach Leaf;216.1;Oil & Masala
31;Trilia;Bread - Flat Bread;42.21;Beverages
32;Meevee;Pastry - Chocolate Chip Muffin;100.57;Snacks
33;Dynabox;Wine - Muscadet Sur Lie;143.36;Oil & Masala
34;Voonte;Beer - Sleemans Cream Ale;202.77;Oil & Masala
35;Zava;Coffee - Almond Amaretto;66.29;Beverages
36;Trudeo;Bread Fig And Almond;163.87;Eggs, Meat & Fish
37;Yakidoo;Pie Pecan;93.85;Beverages
38;Photofeed;Spinach - Baby;180.78;Fruits & Veggies
39;Aimbu;Monkfish - Fresh;179.42;Fruits & Veggies
40;Gigashots;Trout - Rainbow, Fresh;197.8;Eggs, Meat & Fish
41;Tagcat;Oil - Macadamia;108.58;Beverages
42;Tagchat;Pie Box - Cello Window 2.5;244.58;Beverages
43;Babbleblab;Coffee Guatemala Dark;149.3;Snacks
44;Divape;Mix - Cappucino Cocktail;45.07;Snacks
45;Meejo;Wine - Sicilia Igt Nero Avola;165.2;Bakery
46;Kamba;Longos - Penne With Pesto;157.89;Eggs, Meat & Fish
47;Dazzlesphere;Pork - Side Ribs;94.05;Fruits & Veggies
48;Agivu;Wine - Domaine Boyar Royal;225.01;Snacks
49;Skynoodle;Tomatoes;69.89;Snacks
50;Mynte;Pastry - Cherry Danish - Mini;110.84;Bakery
51;Zoonoodle;Munchies Honey Sweet Trail Mix;78.2;Beverages
52;Brainsphere;Truffle - Peelings;195.86;Beverages
53;Cogidoo;Wine - Beringer Founders Estate;214.72;Bakery
54;Devpulse;Squid - U - 10 Thailand;144.69;Fruits & Veggies
55;Realbuzz;Langers - Mango Nectar;19.15;Fruits & Veggies
56;Rhyzio;Mangostein;207.61;Food Grains
57;Fivespan;Cake - Box Window 10x10x2.5;229.04;Eggs, Meat & Fish
58;LiveZ;Oil - Food, Lacquer Spray;37.29;Food Grains
59;Gevee;Wine - Rosso Del Veronese Igt;31.62;Eggs, Meat & Fish
60;Oyoloo;Wine - Sogrape Mateus Rose;228.51;Beverages
61;Skajo;Sauce - Sesame Thai Dressing;194.79;Oil & Masala
62;Twinder;Mushroom - Portebello;116.92;Snacks
63;Thoughtblab;Beets;238.67;Eggs, Meat & Fish
64;Plajo;Soup Campbells;242.42;Fruits & Veggies
65;Gigabox;Buffalo - Tenderloin;18.34;Eggs, Meat & Fish
66;Eamia;Bagel - Ched Chs Presliced;76.03;Eggs, Meat & Fish
67;Vipe;Macaroons - Two Bite Choc;161.7;Food Grains
68;Vidoo;True - Vue Containers;108.88;Fruits & Veggies
69;Vinder;Bread - Bistro Sour;49.96;Food Grains
70;Flipopia;Muffin Puck Ww Carrot;212.8;Oil & Masala
71;Dabtype;Muffin Mix - Lemon Cranberry;17.16;Eggs, Meat & Fish
72;Zoovu;Gatorade - Xfactor Berry;122.83;Snacks
73;Gigabox;Green Tea Refresher;219.75;Snacks
74;Cogilith;Compound - Raspberry;83.92;Fruits & Veggies
75;Blognation;Swordfish Loin Portions;18.08;Beverages
76;Rooxo;Apricots Fresh;140.48;Beverages
77;Bluezoom;Compound - Mocha;203.97;Fruits & Veggies
78;Feednation;Wine - Chenin Blanc K.w.v.;73.45;Snacks
79;Zooveo;Snapple Lemon Tea;217.82;Snacks
80;Buzzshare;Brandy Apricot;200.74;Fruits & Veggies
81;Blognation;Pepper - Chillies, Crushed;35.32;Beverages
82;Browseblab;Longos - Chicken Wings;77.58;Food Grains
83;Vitz;Milk - Chocolate 250 Ml;136.77;Oil & Masala
84;Eazzy;Island Oasis - Banana Daiquiri;15.49;Beverages
85;Skilith;Chef Hat 20cm;233.85;Fruits & Veggies
86;Linklinks;Chicken - Base, Ultimate;140.74;Oil & Masala
87;Zoomlounge;Bagel - Sesame Seed Presliced;196.11;Food Grains
88;Yambee;Soup - Campbellschix Stew;216.93;Eggs, Meat & Fish
89;Oyoyo;Cake - Cheese Cake 9 Inch;89.55;Bakery
90;Oba;Oregano - Dry, Rubbed;58.03;Food Grains
91;Roodel;Bagel - Everything Presliced;150.55;Eggs, Meat & Fish
92;Tazz;Glucose;60.81;Beverages
93;Fatz;Juice - Tomato, 10 Oz;151.39;Food Grains
94;Trunyx;Wine - Gewurztraminer Pierre;73.35;Fruits & Veggies
95;Dabshots;Capon - Whole;23.98;Snacks
96;Quamba;Sauce Bbq Smokey;168.82;Eggs, Meat & Fish
97;Quamba;Beef Dry Aged Tenderloin Aaa;156.63;Food Grains
98;Oyope;Pasta - Detalini, White, Fresh;220.09;Fruits & Veggies
99;Wikibox;Pastry - Key Limepoppy Seed Tea;142.84;Snacks
100;Tekfly;Sobe - Green Tea;64.97;Oil & Masala
101;Bluezoom;Sour Puss Raspberry;21.73;Bakery
102;Browsetype;Graham Cracker Mix;51.01;Beverages
103;Divape;Tofu - Soft;89.89;Snacks
104;Oba;Tomatoes - Plum, Canned;18.9;Fruits & Veggies
105;Flipbug;Dr. Pepper - 355ml;23.68;Food Grains
106;Mudo;Sproutsmustard Cress;237.1;Oil & Masala
107;Twimbo;Cheese - Boursin, Garlic / Herbs;245.11;Beverages
108;Oodoo;Bread - Petit Baguette;75.46;Snacks
109;Livetube;Pork - Tenderloin, Frozen;142.09;Eggs, Meat & Fish
110;Jaloo;Turkey - Breast, Boneless Sk On;61.43;Fruits & Veggies
111;Dabvine;Peach - Halves;119.42;Food Grains
112;Twitterbridge;Shrimp - Black Tiger 26/30;185.33;Bakery
113;Roombo;Bread - Pita, Mini;84.5;Oil & Masala
114;Cogibox;Sprouts - Brussel;166.03;Fruits & Veggies
115;Edgeify;Pepper - Black, Crushed;93.27;Snacks
116;Jayo;Soup Campbells - Italian Wedding;181.51;Snacks
117;Feednation;Paste - Black Olive;242.85;Fruits & Veggies
118;Tagfeed;Kellogs All Bran Bars;237.79;Fruits & Veggies
119;Buzzbean;Muffin Batt - Carrot Spice;149.12;Food Grains
120;Edgeify;Lettuce Romaine Chopped;207.9;Eggs, Meat & Fish
121;Tagpad;Celery Root;106.89;Fruits & Veggies
122;Fliptune;Five Alive Citrus;197.24;Bakery
123;Bubblebox;Irish Cream - Butterscotch;93.51;Eggs, Meat & Fish
124;Aimbo;Isomalt;42.06;Beverages
125;Tanoodle;Vinegar - Cider;160.77;Bakery
126;Photojam;Steamers White;191.81;Fruits & Veggies
127;Pixoboo;Tea - Lemon Scented;201.73;Eggs, Meat & Fish
128;Topicblab;Pear - Packum;154.19;Oil & Masala
129;Voonix;Pork - Inside;90.24;Food Grains
130;Realmix;Juice - Apple Cider;190.82;Food Grains
131;Wordtune;Cheese Cheddar Processed;220.36;Snacks
132;Aimbu;Carbonated Water - White Grape;34.34;Beverages
133;Leenti;Cookies - Englishbay Chochip;240.24;Eggs, Meat & Fish
134;Browsebug;Bread - Kimel Stick Poly;163.38;Bakery
135;Dynava;Vacuum Bags 12x16;118.7;Beverages
136;Skimia;Soupfoamcont12oz 112con;207.58;Fruits & Veggies
137;Blogspan;Pepper - White, Ground;228.62;Oil & Masala
138;Tagchat;Pepper - Green Thai;238.97;Eggs, Meat & Fish
139;Babblestorm;Eel - Smoked;110.69;Snacks
140;Gigashots;Strawberries;55.36;Eggs, Meat & Fish
141;Rhyzio;Cheese - Comte;154.84;Bakery
142;Oyoba;Bok Choy - Baby;246.56;Oil & Masala
143;Twimm;Honey - Comb;71.01;Food Grains
144;Devcast;Ginger - Ground;168.19;Eggs, Meat & Fish
145;Leexo;Rum - White, Gg White;162.93;Eggs, Meat & Fish
146;Latz;Muffin Mix - Oatmeal;54.54;Oil & Masala
147;Devshare;Wine - Red, Cabernet Merlot;226.89;Food Grains
148;Thoughtsphere;Dasheen;69.01;Fruits & Veggies
149;Tavu;Beef - Short Ribs;118.0;Beverages
150;Babbleblab;Pork - Back Ribs;134.77;Eggs, Meat & Fish
151;Bubblebox;Squash - Butternut;223.54;Food Grains
152;Bubbletube;Chocolate Eclairs;223.95;Snacks
153;Meeveo;Noodles - Cellophane, Thin;133.52;Snacks
154;Youfeed;Cheese Cloth;114.33;Food Grains
155;Rhyzio;Beer - Creemore;214.34;Snacks
156;Twitterwire;Sprouts - Baby Pea Tendrils;224.95;Fruits & Veggies
157;Flashset;Lid - High Heat, Super Clear;228.9;Snacks
158;Tavu;Plasticforkblack;191.77;Oil & Masala
159;Miboo;Bread - Pumpernickel;236.48;Beverages
160;Meevee;Salt - Rock, Course;16.1;Food Grains
161;Gigabox;Bread - 10 Grain Parisian;35.14;Beverages
162;Nlounge;Split Peas - Green, Dry;34.88;Eggs, Meat & Fish
163;Ailane;Cookies Oatmeal Raisin;163.48;Snacks
164;Reallinks;Tarragon - Fresh;218.45;Snacks
165;Centizu;Garbag Bags - Black;22.98;Food Grains
166;Voonte;Mini - Vol Au Vents;84.15;Beverages
167;Edgeclub;Calypso - Lemonade;47.13;Snacks
168;Twitterbridge;Aspic - Light;232.43;Eggs, Meat & Fish
169;Tanoodle;Spice - Paprika;172.58;Oil & Masala
170;Teklist;Scallops 60/80 Iqf;170.76;Eggs, Meat & Fish
171;Tazz;Creme De Cacao Mcguines;169.66;Food Grains
172;Omba;Sea Urchin;59.16;Beverages
173;Twimbo;Wine - Marlbourough Sauv Blanc;221.69;Food Grains
174;Riffpath;Wheat - Soft Kernal Of Wheat;80.63;Fruits & Veggies
175;Dablist;Creme De Menth - White;170.31;Fruits & Veggies
176;Flashspan;Mint - Fresh;59.11;Fruits & Veggies
177;Wordtune;Papayas;179.93;Oil & Masala
178;Zooxo;Cheese - Le Cheve Noir;116.55;Snacks
179;Roomm;Coffee - Flavoured;151.68;Fruits & Veggies
180;Skippad;Parsley Italian - Fresh;211.51;Food Grains
181;Rhycero;Monkfish - Fresh;21.57;Snacks
182;Dabjam;Soup - Knorr, French Onion;158.59;Beverages
183;Vinte;Mahi Mahi;29.29;Oil & Masala
184;Tavu;Icecream - Dstk Super Cone;242.77;Food Grains
185;Shuffledrive;Otomegusa Dashi Konbu;225.04;Food Grains
186;Topiczoom;Cheese - Mix;37.91;Snacks
187;Flipstorm;Strawberries;39.28;Bakery
188;Rooxo;Coke - Diet, 355 Ml;20.21;Beverages
189;Vinder;Pan Grease;155.07;Fruits & Veggies
190;Rooxo;Flour - Bran, Red;225.15;Beverages
191;Zoombeat;Cheese - Parmesan Cubes;99.74;Fruits & Veggies
192;Riffpedia;Wine - Valpolicella Masi;89.21;Fruits & Veggies
193;Jetpulse;Wine - White, Ej Gallo;223.35;Beverages
194;Photofeed;Sauce - Gravy, Au Jus, Mix;127.59;Oil & Masala
195;Teklist;Cheese - Manchego, Spanish;122.48;Eggs, Meat & Fish
196;Livetube;Soup Campbells;214.57;Oil & Masala
197;Talane;Juice - Tomato, 48 Oz;89.59;Bakery
198;Bubblebox;Pastry - Mini French Pastries;181.78;Food Grains
199;Babblestorm;Wine - Puligny Montrachet A.;154.86;Eggs, Meat & Fish
200;Zoonoodle;Wine - Magnotta, White;74.9;Eggs, Meat & Fish
201;Dabtype;Sauce - Hp;169.55;Food Grains
202;Shuffledrive;Carbonated Water - Orange;126.01;Bakery
203;Aimbu;Huck White Towels;199.8;Food Grains
204;Bluezoom;Soup - Campbells - Chicken Noodle;164.34;Oil & Masala
205;Avavee;Container Clear 8 Oz;53.85;Oil & Masala
206;Gabcube;Vinegar - Red Wine;169.6;Eggs, Meat & Fish
207;Innotype;Pork - Butt, Boneless;77.62;Eggs, Meat & Fish
208;Tagtune;Latex Rubber Gloves Size 9;233.71;Eggs, Meat & Fish
209;Oodoo;Berry Brulee;168.1;Eggs, Meat & Fish
210;Tazzy;Shrimp - Black Tiger 6 - 8;152.52;Beverages
211;Centidel;Beef - Ox Tail, Frozen;249.0;Fruits & Veggies
212;Thoughtstorm;Wasabi Powder;117.59;Eggs, Meat & Fish
213;Camimbo;Seabream Whole Farmed;224.1;Beverages
214;Voolith;Shrimp - Black Tiger 13/15;146.01;Food Grains
215;Babbleopia;Munchies Honey Sweet Trail Mix;236.39;Beverages
216;Kwideo;Salmon - Fillets;26.85;Snacks
217;Youbridge;Goulash Seasoning;210.41;Food Grains
218;Photofeed;Ice Cream Bar - Oreo Sandwich;231.29;Oil & Masala
219;Twitterbeat;Pate - Peppercorn;147.39;Fruits & Veggies
220;Leenti;Chicken - Soup Base;64.13;Fruits & Veggies
221;Edgeclub;Pear - Asian;245.0;Food Grains
222;Zoovu;Lemonade - Black Cherry, 591 Ml;217.72;Eggs, Meat & Fish
223;Meembee;Passion Fruit;103.73;Eggs, Meat & Fish
224;Bubblemix;Wine - Red, Antinori Santa;197.17;Beverages
225;Aimbo;Energy Drink Red Bull;223.46;Eggs, Meat & Fish
226;Skyble;Muffin - Zero Transfat;49.89;Eggs, Meat & Fish
227;Linkbridge;Wine - Chablis 2003 Champs;42.98;Food Grains
228;Mita;Coffee - Colombian, Portioned;171.95;Snacks
229;Izio;Oxtail - Cut;54.36;Oil & Masala
230;Flipbug;Gin - Gilbeys London, Dry;33.35;Beverages
231;Fatz;Radish - Black, Winter, Organic;78.94;Bakery
232;Oozz;Tomatoes;231.05;Beverages
233;Fadeo;Pate - Peppercorn;46.76;Food Grains
234;Photofeed;Longan;187.04;Snacks
235;Blogpad;Tea - Orange Pekoe;133.22;Beverages
236;Rhynyx;Wine - Jafflin Bourgongone;110.49;Fruits & Veggies
237;Plajo;Cake - Dulce De Leche;245.02;Bakery
238;Edgewire;Table Cloth 62x114 Colour;156.48;Bakery
239;Jaxnation;Fondant - Icing;173.76;Fruits & Veggies
240;Voolia;Whmis Spray Bottle Graduated;181.11;Snacks
241;Quire;Allspice - Jamaican;117.94;Bakery
242;Jabbersphere;Island Oasis - Strawberry;177.32;Beverages
243;Gabvine;Beef - Ground, Extra Lean, Fresh;20.64;Oil & Masala
244;Quaxo;Soup - Campbells, Spinach Crm;176.62;Oil & Masala
245;Livefish;Towels - Paper / Kraft;239.02;Bakery
246;Voolith;Juice - Orange 1.89l;237.92;Eggs, Meat & Fish
247;Eayo;Everfresh Products;87.08;Fruits & Veggies
248;Divanoodle;Barley - Pearl;167.86;Beverages
249;Aimbo;Pheasants - Whole;228.16;Snacks
250;Thoughtstorm;Sauce - Hp;248.66;Beverages
251;Bluejam;Flower - Daisies;103.73;Beverages
252;Fanoodle;Veal - Sweetbread;244.18;Beverages
253;Jaxbean;Wine - Riesling Dr. Pauly;88.3;Food Grains
254;Gabtype;Papayas;232.75;Fruits & Veggies
255;Bluejam;Pork - Smoked Back Bacon;92.24;Food Grains
256;Jaxbean;Carrots - Purple, Organic;148.51;Fruits & Veggies
257;Avaveo;Muffin Hinge - 211n;247.41;Beverages
258;Aimbu;Beer - Maudite;54.38;Eggs, Meat & Fish
259;Plajo;Island Oasis - Cappucino Mix;36.21;Beverages
260;Kaymbo;Raisin - Golden;163.72;Bakery
261;Podcat;Fish - Bones;52.95;Oil & Masala
262;Podcat;Cornstarch;244.12;Food Grains
263;Dynava;White Fish - Filets;223.88;Food Grains
264;Devshare;Puree - Passion Fruit;156.62;Beverages
265;Yozio;Napkin - Cocktail,beige 2 - Ply;52.28;Eggs, Meat & Fish
266;Wordtune;Eggwhite Frozen;98.4;Fruits & Veggies
267;Skyvu;Pastry - Mini French Pastries;236.5;Eggs, Meat & Fish
268;Agimba;Corn - Cream, Canned;62.91;Oil & Masala
269;Twitternation;Water - Evian 355 Ml;230.26;Bakery
270;Tavu;Wine - Magnotta, White;160.09;Beverages
271;Rhybox;Wine La Vielle Ferme Cote Du;32.67;Snacks
272;Skinix;Lid - 10,12,16 Oz;168.24;Snacks
273;Blogspan;Five Alive Citrus;136.63;Fruits & Veggies
274;Rhycero;Energy - Boo - Koo;53.88;Bakery
275;Aimbu;Squid Ink;35.22;Fruits & Veggies
276;DabZ;Wine - Cahors Ac 2000, Clos;15.68;Bakery
277;Kanoodle;Heavy Duty Dust Pan;196.22;Eggs, Meat & Fish
278;Kamba;Waffle Stix;69.32;Oil & Masala
279;Leenti;Sea Urchin;25.62;Snacks
280;Edgeclub;Bread Base - Gold Formel;201.44;Fruits & Veggies
281;Brainlounge;Chutney Sauce;67.79;Snacks
282;Feedmix;Pepper - Green;224.85;Fruits & Veggies
283;LiveZ;Puree - Blackcurrant;239.45;Beverages
284;Gabcube;Bread - Italian Sesame Poly;66.11;Bakery
285;Trudeo;Worcestershire Sauce;131.21;Fruits & Veggies
286;Meeveo;Cheese - Perron Cheddar;215.95;Bakery
287;Feedmix;Pork - Side Ribs;116.01;Oil & Masala
288;Demizz;Bread - Bistro Sour;163.76;Snacks
289;Divavu;Tomatoes - Cherry;54.53;Fruits & Veggies
290;Meevee;Sauce - Soya, Light;121.86;Bakery
291;Latz;Vermouth - Sweet, Cinzano;105.35;Food Grains
292;Babbleopia;Chocolate - Dark;83.8;Fruits & Veggies
293;Centizu;Nut - Macadamia;97.39;Eggs, Meat & Fish
294;Quinu;Beer - Camerons Cream Ale;178.85;Snacks
295;Quatz;Grapes - Green;244.4;Oil & Masala
296;Yakitri;Sambuca - Ramazzotti;141.1;Food Grains
297;Voolia;Wine - Clavet Saint Emilion;148.55;Oil & Masala
298;Skinte;Muffins - Assorted;247.43;Oil & Masala
299;Muxo;Cheese - Oka;201.1;Food Grains
300;Zoozzy;Wine - Niagara Peninsula Vqa;37.3;Eggs, Meat & Fish
301;Youbridge;Sauce Tomato Pouch;231.21;Bakery
302;Jaloo;Pasta - Angel Hair;195.74;Oil & Masala
303;Realcube;Tomatoes - Yellow Hot House;16.2;Bakery
304;Layo;Spring Roll Veg Mini;148.46;Snacks
305;Kamba;Cup - Translucent 7 Oz Clear;34.86;Oil & Masala
306;Skilith;Pastry - Plain Baked Croissant;226.57;Bakery
307;Aimbu;Muffin Mix - Carrot;146.99;Fruits & Veggies
308;Divape;Crush - Orange, 355ml;215.41;Oil & Masala
309;Roomm;Graham Cracker Mix;139.21;Snacks
310;Youfeed;Soup - Campbells - Tomato;246.59;Snacks
311;Youbridge;Chivas Regal - 12 Year Old;25.37;Oil & Masala
312;Photobean;Wanton Wrap;17.93;Snacks
313;Livepath;Garbage Bags - Black;123.15;Beverages
314;Dabfeed;Scallops 60/80 Iqf;189.69;Fruits & Veggies
315;Dablist;Beef - Ox Tongue;231.66;Eggs, Meat & Fish
316;Yodoo;Ice Cream Bar - Oreo Sandwich;44.46;Snacks
317;Kwinu;Salt And Pepper Mix - Black;64.08;Fruits & Veggies
318;Janyx;Soup - Verve - Chipotle Chicken;47.06;Bakery
319;Meevee;Sprouts Dikon;91.55;Snacks
320;Nlounge;Mushroom - Shitake, Fresh;199.69;Food Grains
321;Photobug;Instant Coffee;37.47;Fruits & Veggies
322;Jetwire;Shrimp - Black Tiger 6 - 8;119.36;Oil & Masala
323;Kwimbee;Coffee - Egg Nog Capuccino;142.6;Bakery
324;Avamm;Puree - Passion Fruit;166.64;Beverages
325;Buzzdog;Chick Peas - Canned;201.16;Fruits & Veggies
326;Photojam;Roe - Flying Fish;169.77;Food Grains
327;Trilia;Table Cloth 81x81 Colour;157.51;Fruits & Veggies
328;Skyble;Cheese - Havarti, Salsa;240.35;Beverages
329;Leexo;Beer - Sleeman Fine Porter;184.67;Beverages
330;Babbleopia;Soup Campbells - Tomato Bisque;196.63;Beverages
331;Quire;Juice - Orangina;236.18;Snacks
332;Feedfish;Cup - 3.5oz, Foam;194.77;Fruits & Veggies
333;Ailane;Lamb - Whole Head Off,nz;117.57;Beverages
334;Brainlounge;Syrup - Monin - Passion Fruit;214.6;Bakery
335;Topdrive;Tomatoes - Heirloom;35.12;Oil & Masala
336;Zoovu;Pork Salted Bellies;121.24;Food Grains
337;Divavu;Cheese - Parmigiano Reggiano;114.87;Fruits & Veggies
338;Rhynyx;Wine - White, Pinot Grigio;71.18;Bakery
339;Skippad;Cake - Pancake;79.14;Food Grains
340;Blogspan;Sunflower Seed Raw;238.27;Bakery
341;Brainsphere;Sauce - Oyster;19.46;Oil & Masala
342;Ozu;Jam - Strawberry, 20 Ml Jar;92.67;Beverages
343;Jamia;Wine - Shiraz South Eastern;59.84;Eggs, Meat & Fish
344;Skippad;Arctic Char - Fresh, Whole;24.45;Fruits & Veggies
345;Jaloo;Corn - Mini;246.24;Eggs, Meat & Fish
346;Tanoodle;Beef - Ground Medium;193.27;Bakery
347;Shuffledrive;Beer - Sleemans Honey Brown;21.83;Fruits & Veggies
348;Tagchat;Bread - Crusty Italian Poly;242.79;Food Grains
349;Meejo;Kahlua;63.08;Eggs, Meat & Fish
350;Browsedrive;Wine - Cotes Du Rhone;159.54;Food Grains
351;Jayo;Bread - Malt;201.24;Fruits & Veggies
352;Skivee;Clams - Littleneck, Whole;18.82;Bakery
353;Meezzy;Baking Soda;227.54;Food Grains
354;Oyoloo;Pasta - Fusili, Dry;230.16;Beverages
355;Bubblemix;Figs;110.42;Bakery
356;Eidel;Table Cloth 90x90 Colour;224.92;Fruits & Veggies
357;Vipe;Plasticspoonblack;125.7;Snacks
358;Babbleblab;Chef Hat 20cm;143.29;Oil & Masala
359;Einti;Crush - Cream Soda;45.89;Fruits & Veggies
360;Snaptags;Wine - Periguita Fonseca;105.42;Fruits & Veggies
361;Yabox;Mushrooms - Black, Dried;126.87;Snacks
362;Realcube;Canada Dry;71.36;Eggs, Meat & Fish
363;Divavu;Seaweed Green Sheets;158.38;Eggs, Meat & Fish
364;Abatz;Coffee - Irish Cream;208.75;Eggs, Meat & Fish
365;Photospace;Cleaner - Comet;35.98;Beverages
366;Quatz;Lobster - Tail, 3 - 4 Oz;48.88;Bakery
367;Skimia;Lettuce - Green Leaf;117.26;Snacks
368;Rhybox;Dr. Pepper - 355ml;25.84;Eggs, Meat & Fish
369;Twitternation;Spinach - Packaged;187.47;Bakery
370;Oyoba;Gingerale - Schweppes, 355 Ml;30.71;Oil & Masala
371;Kare;Sherbet - Raspberry;203.94;Fruits & Veggies
372;Katz;Beef - Ground Lean Fresh;119.36;Food Grains
373;Snaptags;Grouper - Fresh;149.95;Bakery
374;Cogibox;Shrimp - 16/20, Peeled Deviened;98.58;Beverages
375;Voonyx;Fuji Apples;99.48;Oil & Masala
376;Trudoo;Snapple - Mango Maddness;170.63;Eggs, Meat & Fish
377;Skyndu;Flax Seed;149.98;Snacks
378;Janyx;Turkey - Breast, Smoked;150.29;Food Grains
379;Gabspot;Juice - Apple Cider;172.39;Food Grains
380;Meembee;Muffin Mix - Oatmeal;111.38;Oil & Masala
381;Pixoboo;Cake - Sheet Strawberry;161.35;Food Grains
382;Quire;Cheese - Mix;107.88;Oil & Masala
383;Realmix;Limes;118.16;Eggs, Meat & Fish
384;Flashspan;Clementine;143.5;Beverages
385;Feedbug;Beer - True North Strong Ale;201.2;Eggs, Meat & Fish
386;Teklist;Lamb - Whole, Frozen;77.38;Fruits & Veggies
387;Tanoodle;Oil - Food, Lacquer Spray;195.84;Bakery
388;Oyondu;Lettuce - Romaine;65.39;Snacks
389;Thoughtstorm;Wine - Fino Tio Pepe Gonzalez;24.34;Snacks
390;Youfeed;Napkin Colour;38.43;Bakery
391;Jabbercube;Beer - Tetleys;58.46;Bakery
392;Quire;Beans - Fine;24.37;Oil & Masala
393;Jetwire;Squash - Pattypan, Yellow;247.33;Food Grains
394;Twiyo;Carrots - Purple, Organic;68.97;Oil & Masala
395;Photojam;Pastry - Banana Muffin - Mini;234.24;Food Grains
396;Mynte;Wine - Placido Pinot Grigo;122.01;Bakery
397;Twitterworks;The Pop Shoppe - Root Beer;36.41;Beverages
398;Teklist;Eggplant - Baby;236.63;Snacks
399;Yozio;Chinese Foods - Cantonese;62.63;Bakery
400;Blogtags;Chocolate - Pistoles, Lactee, Milk;67.23;Beverages
401;Gabcube;Veal - Insides Provini;214.88;Beverages
402;Jatri;Spinach - Spinach Leaf;150.18;Eggs, Meat & Fish
403;DabZ;Snails - Large Canned;30.59;Bakery
404;Fivespan;Pork - Butt, Boneless;221.3;Snacks
405;Snaptags;Energy Drink - Redbull 355ml;219.98;Oil & Masala
406;Jaxnation;Shrimp - Black Tiger 6 - 8;31.8;Food Grains
407;Npath;Beans - Wax;99.8;Food Grains
408;Skyba;Appetizer - Escargot Puff;222.4;Fruits & Veggies
409;Blogspan;Compound - Rum;200.58;Beverages
410;Wikizz;Beer - Camerons Cream Ale;96.97;Eggs, Meat & Fish
411;Muxo;Muffin Chocolate Individual Wrap;132.95;Bakery
412;Jayo;Hinge W Undercut;54.09;Snacks
413;Kimia;Beer - Moosehead;224.54;Oil & Masala
414;Riffpath;Arizona - Green Tea;55.76;Bakery
415;Riffpedia;Bagelers - Cinn / Brown;128.12;Eggs, Meat & Fish
416;Feedbug;Chip - Potato Dill Pickle;140.38;Food Grains
417;Roodel;Lentils - Green, Dry;128.93;Snacks
418;Topicshots;Sauce - Fish 25 Ozf Bottle;80.22;Beverages
419;Chatterbridge;Beef - Ground, Extra Lean, Fresh;208.77;Food Grains
420;Abata;Tabasco Sauce, 2 Oz;68.21;Beverages
421;Zoombeat;Beef - Diced;185.07;Eggs, Meat & Fish
422;Rhycero;Grenadine;173.21;Fruits & Veggies
423;Kwinu;Paste - Black Olive;231.43;Bakery
424;Meejo;Beef - Kindney, Whole;89.58;Food Grains
425;Dynabox;Sprouts - Peppercress;180.06;Bakery
426;Digitube;Cake - Bande Of Fruit;67.67;Beverages
427;Yodel;Dish Towel;223.95;Beverages
428;Thoughtstorm;Soup - Campbells Beef Noodle;168.52;Snacks
429;Yata;Cookie - Oreo 100x2;22.02;Fruits & Veggies
430;Voolith;Cheese - Colby;239.39;Food Grains
431;Tagpad;Marjoram - Dried, Rubbed;20.2;Fruits & Veggies
432;Oyoba;Carbonated Water - Wildberry;37.88;Food Grains
433;Skynoodle;Skewers - Bamboo;74.82;Beverages
434;Roodel;Kiwi;161.09;Bakery
435;Gabspot;Knife Plastic - White;76.41;Snacks
436;Kazu;Pepper - Sorrano;68.37;Snacks
437;Chatterpoint;Figs;154.67;Eggs, Meat & Fish
438;Topicware;Sugar - Cubes;188.75;Snacks
439;Skalith;Squash - Butternut;119.82;Oil & Masala
440;Skalith;Bread - Crusty Italian Poly;104.31;Fruits & Veggies
441;Zooxo;Bread Sour Rolls;232.77;Fruits & Veggies
442;Yodo;Duck - Legs;48.48;Snacks
443;Ntags;Yoplait Drink;173.31;Eggs, Meat & Fish
444;DabZ;Onions - Pearl;204.95;Food Grains
445;Eabox;Juice - Propel Sport;233.09;Food Grains
446;Yakidoo;Table Cloth 72x144 White;180.89;Snacks
447;Zoomdog;Bar - Sweet And Salty Chocolate;198.71;Snacks
448;Zoombox;Rhubarb;178.63;Beverages
449;Yodoo;Sauce - Soya, Dark;194.98;Bakery
450;Voonte;Lid - 0090 Clear;243.76;Food Grains
451;Avaveo;Apple - Northern Spy;85.18;Oil & Masala
452;Jabbersphere;Scampi Tail;156.86;Eggs, Meat & Fish
453;Omba;Macaroons - Homestyle Two Bit;15.82;Oil & Masala
454;Chatterbridge;Chicken - Bones;233.02;Oil & Masala
455;Cogibox;Sauce - Hp;159.16;Bakery
456;Skiba;Chocolate - Milk Coating;131.76;Snacks
457;Abatz;Ecolab - Ster Bac;36.62;Food Grains
458;Topiczoom;Glycerine;87.04;Food Grains
459;Kanoodle;Lettuce - Sea / Sea Asparagus;173.24;Eggs, Meat & Fish
460;Digitube;Juice - Clam, 46 Oz;237.01;Food Grains
461;Quimba;Flavouring - Raspberry;83.05;Food Grains
462;Mita;Mikes Hard Lemonade;122.04;Eggs, Meat & Fish
463;Feednation;Pasta - Cheese / Spinach Bauletti;218.81;Beverages
464;Skinder;Kirsch - Schloss;243.95;Food Grains
465;Bubblebox;Beer - Blue;22.15;Fruits & Veggies
466;Zazio;Potatoes - Mini White 3 Oz;137.56;Beverages
467;Youspan;Tea - Mint;179.84;Snacks
468;Lajo;Tea - Lemon Scented;167.04;Oil & Masala
469;Wikizz;Apples - Sliced / Wedge;136.13;Bakery
470;Feednation;Beer - Labatt Blue;103.19;Fruits & Veggies
471;Tagchat;Pork - Chop, Frenched;177.68;Beverages
472;Skyble;Instant Coffee;245.53;Bakery
473;Brightbean;Stock - Chicken, White;70.69;Eggs, Meat & Fish
474;Gevee;Broom - Corn;221.38;Beverages
475;Skaboo;Cake - Pancake;42.29;Eggs, Meat & Fish
476;Trupe;Saskatoon Berries - Frozen;87.1;Oil & Masala
477;BlogXS;Oil - Avocado;244.58;Bakery
478;Yoveo;Juice - Apple, 341 Ml;101.25;Food Grains
479;Buzzshare;Dip - Tapenade;35.46;Food Grains
480;Zoonoodle;Garlic - Peeled;222.21;Fruits & Veggies
481;Flashpoint;Pepsi, 355 Ml;116.48;Snacks
482;Gabvine;Cheese - Gorgonzola;190.95;Bakery
483;Wikibox;Wine - Chateau Aqueria Tavel;47.25;Bakery
484;Feedspan;Ginger - Fresh;125.95;Food Grains
485;Oloo;Wine - Shiraz South Eastern;63.79;Snacks
486;Gabvine;Cheese - Brie Roitelet;64.74;Snacks
487;Flashdog;Beef - Salted;201.75;Fruits & Veggies
488;Rooxo;Veal - Osso Bucco;228.95;Eggs, Meat & Fish
489;Voonix;Tea - Grapefruit Green Tea;136.44;Snacks
490;Zoomcast;Chicken - Diced, Cooked;146.2;Snacks
491;Aimbo;Appetizer - Escargot Puff;188.51;Bakery
492;Brainlounge;Cookies - Englishbay Oatmeal;124.69;Beverages
493;Katz;Bread - Malt;151.34;Fruits & Veggies
494;Fanoodle;Tea - Lemon Green Tea;239.2;Beverages
495;Tanoodle;Beer - Labatt Blue;147.47;Beverages
496;Katz;V8 Splash Strawberry Kiwi;219.96;Beverages
497;Riffwire;Chips Potato Salt Vinegar 43g;43.77;Food Grains
498;Meedoo;Nestea - Ice Tea, Diet;121.76;Beverages
499;Shufflebeat;Laundry - Bag Cloth;71.83;Fruits & Veggies
500;Linkbridge;Neckerchief Blck;21.23;Eggs, Meat & Fish
501;Thoughtmix;Evaporated Milk - Skim;149.95;Beverages
502;Kamba;Beer - Corona;106.25;Eggs, Meat & Fish
503;Blogspan;Longos - Chicken Wings;219.88;Snacks
504;Jabbercube;Cheese - St. Paulin;172.46;Food Grains
505;Viva;Soup - Campbells - Tomato;19.72;Bakery
506;Riffwire;Syrup - Kahlua Chocolate;18.35;Beverages
507;Ailane;Yogurt - Blueberry, 175 Gr;191.25;Food Grains
508;Skinix;Rambutan;234.93;Snacks
509;Brainlounge;Fuji Apples;181.6;Snacks
510;Podcat;Carbonated Water - Peach;174.76;Oil & Masala
511;Plambee;Soup - Knorr, Country Bean;64.74;Fruits & Veggies
512;Kwimbee;Veal - Shank, Pieces;54.31;Bakery
513;Eadel;Beef - Striploin Aa;103.96;Bakery
514;Eayo;Wine - Saint - Bris 2002, Sauv;208.33;Oil & Masala
515;Layo;Sauce - Mint;221.14;Beverages
516;Flipbug;Chicken Breast Halal;177.74;Eggs, Meat & Fish
517;Yodel;Potatoes - Mini White 3 Oz;46.88;Eggs, Meat & Fish
518;Realpoint;Salt - Table;206.37;Snacks
519;Flashset;Compound - Orange;89.16;Eggs, Meat & Fish
520;Camimbo;Muffin Batt - Ban Dream Zero;120.84;Bakery
521;Gigaclub;Chambord Royal;91.74;Eggs, Meat & Fish
522;Realpoint;Muffin Mix - Blueberry;120.57;Eggs, Meat & Fish
523;Realmix;Ham - Cooked Bayonne Tinned;85.97;Fruits & Veggies
524;Fliptune;Trout - Smoked;33.52;Oil & Masala
525;Innojam;Cheese - La Sauvagine;19.34;Eggs, Meat & Fish
526;Brainverse;Chocolate Bar - Reese Pieces;80.96;Eggs, Meat & Fish
527;Dazzlesphere;Pomello;124.12;Bakery
528;Avamba;Sage Ground Wiberg;22.51;Snacks
529;Trilia;Croissants Thaw And Serve;189.64;Snacks
530;Jaloo;Sugar - Brown, Individual;92.81;Bakery
531;Mydo;Sponge Cake Mix - Vanilla;54.96;Eggs, Meat & Fish
532;Miboo;Milk - Homo;54.87;Eggs, Meat & Fish
533;Omba;Napkin - Beverge, White 2 - Ply;63.08;Snacks
534;Mydeo;Petit Baguette;209.3;Food Grains
535;Eamia;Lemon Pepper;71.43;Food Grains
536;Jabberbean;Tomatoes - Vine Ripe, Yellow;174.3;Snacks
537;Tagtune;Pasta - Orzo, Dry;188.49;Beverages
538;Leexo;Sauce - Thousand Island;137.77;Beverages
539;Photobug;Quail - Whole, Bone - In;24.96;Food Grains
540;Meevee;Cheese - Provolone;198.6;Snacks
541;Yambee;Sauce - Soya, Dark;54.81;Beverages
542;Riffwire;Cheese - Woolwich Goat, Log;162.49;Fruits & Veggies
543;Mynte;Kirsch - Schloss;198.39;Beverages
544;Eayo;Piping - Bags Quizna;236.78;Snacks
545;Vinte;Bread - Granary Small Pull;159.05;Fruits & Veggies
546;Pixope;Duck - Legs;123.39;Eggs, Meat & Fish
547;Linkbridge;Pesto - Primerba, Paste;123.38;Snacks
548;Meevee;Amarula Cream;185.53;Bakery
549;Tagfeed;Rabbit - Frozen;46.94;Eggs, Meat & Fish
550;Cogibox;Duck - Fat;214.03;Beverages
551;Browsedrive;Fuji Apples;111.48;Eggs, Meat & Fish
552;Photobean;Crab - Dungeness, Whole, live;59.86;Eggs, Meat & Fish
553;Bubblebox;Bread - Rolls, Rye;58.77;Beverages
554;Twitternation;Calypso - Lemonade;74.53;Beverages
555;Zoonoodle;Cheese - Perron Cheddar;212.58;Oil & Masala
556;Thoughtmix;Clams - Bay;53.06;Eggs, Meat & Fish
557;Thoughtstorm;Napkin White;18.22;Fruits & Veggies
558;Kazu;Mustard - Seed;171.19;Eggs, Meat & Fish
559;Blogtag;Syrup - Golden, Lyles;233.71;Snacks
560;Nlounge;Soup - Campbells, Cream Of;56.55;Eggs, Meat & Fish
561;Trunyx;Beer - True North Strong Ale;230.85;Bakery
562;Gabcube;Island Oasis - Magarita Mix;202.57;Fruits & Veggies
563;Oyondu;Plate Pie Foil;47.2;Fruits & Veggies
564;Zoombeat;Lid - 16 Oz And 32 Oz;230.03;Fruits & Veggies
565;Mybuzz;Chocolate Bar - Coffee Crisp;240.03;Beverages
566;Bluejam;Salt And Pepper Mix - Black;185.17;Fruits & Veggies
567;Wikido;Laundry - Bag Cloth;207.06;Bakery
568;Aimbu;Arizona - Plum Green Tea;249.32;Eggs, Meat & Fish
569;Quinu;Dates;173.71;Oil & Masala
570;Devify;Sour Cream;193.47;Food Grains
571;Dabfeed;Sausage - Liver;125.37;Bakery
572;Jayo;Pear - Packum;204.25;Bakery
573;Yotz;Wine - Coteaux Du Tricastin Ac;209.75;Bakery
574;Zoozzy;Tomatoes Tear Drop Yellow;73.64;Fruits & Veggies
575;Avamm;Ice Cream - Turtles Stick Bar;242.63;Eggs, Meat & Fish
576;Gigazoom;Wine - Soave Folonari;118.73;Beverages
577;Oozz;Cake - Bande Of Fruit;210.2;Bakery
578;Realbuzz;Clams - Canned;83.5;Food Grains
579;Rhynoodle;Wine - Red, Gamay Noir;72.51;Fruits & Veggies
580;Zoonder;Anchovy Paste - 56 G Tube;103.24;Food Grains
581;Topicblab;Pork - Backs - Boneless;193.5;Fruits & Veggies
582;Kare;Puree - Blackcurrant;192.88;Beverages
583;Eire;Gin - Gilbeys London, Dry;207.23;Food Grains
584;Demizz;Pastry - Raisin Muffin - Mini;139.55;Fruits & Veggies
585;Rhynoodle;Uniform Linen Charge;60.86;Eggs, Meat & Fish
586;Nlounge;Muffin Orange Individual;53.65;Snacks
587;Shufflester;Duck - Whole;135.27;Snacks
588;Demizz;Fruit Salad Deluxe;173.44;Oil & Masala
589;Bubblebox;Soup - Campbells, Butternut;77.99;Food Grains
590;Tavu;Table Cloth 54x72 Colour;43.65;Bakery
591;Gigabox;Wine - Red, Cabernet Sauvignon;121.65;Oil & Masala
592;Fivebridge;Scallops - U - 10;50.67;Fruits & Veggies
593;Brainsphere;Bar Bran Honey Nut;19.63;Food Grains
594;Photobug;Cheese - Cheddarsliced;190.43;Oil & Masala
595;Roodel;Bread Roll Foccacia;50.27;Snacks
596;Mydeo;Veal - Provimi Inside;85.46;Food Grains
597;Mycat;Peppercorns - Pink;177.03;Beverages
598;Skivee;Island Oasis - Wildberry;218.59;Eggs, Meat & Fish
599;Rhyloo;Pizza Pizza Dough;185.45;Eggs, Meat & Fish
600;Chatterpoint;Baking Soda;165.47;Fruits & Veggies
601;Jetpulse;Dates;137.77;Snacks
602;Gigaclub;Oil - Olive, Extra Virgin;227.08;Beverages
603;Vipe;Lettuce - Boston Bib;61.01;Oil & Masala
604;Jetpulse;Ocean Spray - Ruby Red;56.83;Snacks
605;Meejo;Bag - Clear 7 Lb;28.54;Beverages
606;Quimm;Wine - Toasted Head;49.63;Beverages
607;Cogibox;Rice - Jasmine Sented;49.91;Beverages
608;Yoveo;Juice - Apple, 341 Ml;170.26;Oil & Masala
609;Topiclounge;Ice Cream - Super Sandwich;149.94;Eggs, Meat & Fish
610;Skyba;Stock - Beef, Brown;25.91;Fruits & Veggies
611;Babbleopia;Orange - Canned, Mandarin;246.69;Snacks
612;Kwinu;Tequila Rose Cream Liquor;222.72;Food Grains
613;Jabbertype;Muffin Hinge Container 6;38.14;Snacks
614;Gevee;Chicken - Leg, Fresh;78.81;Beverages
615;Realbridge;Cookie Dough - Peanut Butter;223.79;Snacks
616;Youtags;Mushroom - White Button;22.54;Food Grains
617;Realblab;Juice - Pineapple, 341 Ml;89.33;Food Grains
618;Kaymbo;Lid Coffeecup 12oz D9542b;72.54;Eggs, Meat & Fish
619;Viva;Chocolate Bar - Smarties;216.37;Eggs, Meat & Fish
620;Quaxo;Cheese - Le Cru Du Clocher;40.49;Bakery
621;Devcast;Mushroom - Chanterelle, Dry;249.42;Snacks
622;Devpulse;Energy Drink - Redbull 355ml;47.98;Eggs, Meat & Fish
623;Wikido;Chickensplit Half;79.95;Beverages
624;Leexo;Jam - Raspberry;95.42;Bakery
625;Skilith;Cream - 35%;247.82;Eggs, Meat & Fish
626;Vinder;Cucumber - Pickling Ontario;148.58;Fruits & Veggies
627;Yodoo;Parasol Pick Stir Stick;93.21;Food Grains
628;Dynabox;Placemat - Scallop, White;54.93;Fruits & Veggies
629;Tambee;Pork Loin Bine - In Frenched;238.62;Beverages
630;Dynabox;French Kiss Vanilla;87.2;Beverages
631;Brightbean;Food Colouring - Orange;88.42;Eggs, Meat & Fish
632;Wikizz;Chip - Potato Dill Pickle;81.24;Bakery
633;Thoughtsphere;Fuji Apples;142.71;Food Grains
634;Chatterpoint;Garlic;63.16;Eggs, Meat & Fish
635;Jabbercube;Wine - Chablis 2003 Champs;164.1;Eggs, Meat & Fish
636;Brainverse;Snapple Lemon Tea;225.12;Bakery
637;Oyoyo;Sauce - Salsa;37.89;Food Grains
638;Skimia;Pork - Back, Short Cut, Boneless;175.91;Bakery
639;Skalith;Hagen Daza - Dk Choocolate;44.17;Bakery
640;Thoughtmix;Chocolate - Liqueur Cups With Foil;72.71;Snacks
641;Tagcat;Ezy Change Mophandle;193.65;Oil & Masala
642;Kayveo;Pasta - Rotini, Dry;164.13;Food Grains
643;Riffwire;Wine - Champagne Brut Veuve;140.38;Food Grains
644;Tazzy;Corn Shoots;197.17;Oil & Masala
645;Centidel;Scallops - U - 10;79.23;Snacks
646;Photobean;Pastry - Butterscotch Baked;214.52;Eggs, Meat & Fish
647;Gigashots;Icecream Bar - Del Monte;206.57;Snacks
648;Roomm;Roe - White Fish;78.75;Beverages
649;Fatz;Mushroom - Chanterelle, Dry;34.1;Eggs, Meat & Fish
650;Wikivu;Muffin Carrot - Individual;63.8;Snacks
651;Blogspan;Pastry - Cherry Danish - Mini;138.48;Food Grains
652;Bubblemix;Ketchup - Tomato;199.67;Eggs, Meat & Fish
653;Twitternation;Tea - Herbal Sweet Dreams;194.39;Fruits & Veggies
654;Digitube;Chicken - Leg, Fresh;141.69;Oil & Masala
655;Flashset;Pasta - Canelloni;30.63;Bakery
656;Eabox;Beans - Black Bean, Dry;229.99;Food Grains
657;Zazio;Bread - Mini Hamburger Bun;99.09;Snacks
658;Mydeo;Wiberg Super Cure;123.21;Beverages
659;Thoughtblab;Chicken - Diced, Cooked;227.32;Oil & Masala
660;Rhyloo;Nut - Almond, Blanched, Ground;43.5;Beverages
661;Ooba;Bread - Dark Rye, Loaf;142.41;Fruits & Veggies
662;Kamba;Liners - Banana, Paper;47.46;Bakery
663;Photobean;Wine - White, Riesling, Semi - Dry;188.21;Beverages
664;Tanoodle;Bread - 10 Grain;34.19;Snacks
665;Babbleopia;Rappini - Andy Boy;75.82;Fruits & Veggies
666;Trudoo;Compound - Strawberry;165.3;Food Grains
667;Yombu;Garlic - Primerba, Paste;183.9;Food Grains
668;Tambee;Dill - Primerba, Paste;249.04;Beverages
669;Fanoodle;Mushroom - Enoki, Fresh;158.72;Eggs, Meat & Fish
670;Flipbug;Muffin Mix - Morning Glory;220.12;Snacks
671;Oyoloo;Urban Zen Drinks;32.38;Eggs, Meat & Fish
672;Voonix;Oven Mitts 17 Inch;139.39;Oil & Masala
673;Dabfeed;Tandoori Curry Paste;120.46;Fruits & Veggies
674;Wordpedia;Cheese - Bakers Cream Cheese;47.54;Eggs, Meat & Fish
675;Livetube;Cookie Dough - Double;191.26;Food Grains
676;Mynte;True - Vue Containers;34.67;Bakery
677;Feedfire;Pail For Lid 1537;26.73;Snacks
678;Tavu;Juice - Apple, 1.36l;56.81;Eggs, Meat & Fish
679;Quimm;Yogurt - French Vanilla;162.21;Beverages
680;Edgeify;Cheese - Bocconcini;192.68;Eggs, Meat & Fish
681;Quaxo;Chervil - Fresh;43.35;Beverages
682;Fadeo;Salmon Steak - Cohoe 6 Oz;164.02;Oil & Masala
683;Ooba;Compound - Pear;143.04;Eggs, Meat & Fish
684;Thoughtworks;Butcher Twine 4r;225.97;Snacks
685;Realmix;Soup - French Can Pea;151.43;Snacks
686;Divanoodle;Cabbage - Green;35.13;Oil & Masala
687;Photospace;Salmon - Fillets;188.67;Oil & Masala
688;Topicblab;Higashimaru Usukuchi Soy;55.71;Bakery
689;Skimia;Crab - Soft Shell;239.75;Oil & Masala
690;Yacero;Wine - Chianti Classico Riserva;161.33;Food Grains
691;Trunyx;Spice - Paprika;226.94;Food Grains
692;Skalith;Olives - Stuffed;141.0;Eggs, Meat & Fish
693;Twitterbridge;Appetizer - Cheese Bites;183.67;Oil & Masala
694;Photospace;Crab Brie In Phyllo;111.44;Bakery
695;Yakidoo;Truffle Cups - Red;174.72;Bakery
696;Skimia;Cheese - Gorgonzola;240.53;Eggs, Meat & Fish
697;Izio;Chicken - Bones;129.83;Oil & Masala
698;Katz;Chutney Sauce;234.92;Beverages
699;Kare;Lettuce - Romaine, Heart;86.84;Eggs, Meat & Fish
700;Yombu;Mushroom - Portebello;70.36;Oil & Masala
701;Voomm;Lid - High Heat, Super Clear;106.98;Beverages
702;Twitterlist;Jameson - Irish Whiskey;135.83;Bakery
703;Avavee;Cattail Hearts;60.17;Oil & Masala
704;Livepath;Towel Multifold;145.85;Bakery
705;Jetpulse;Gatorade - Fruit Punch;216.18;Food Grains
706;Midel;Cheese - Brick With Onion;231.3;Eggs, Meat & Fish
707;Abata;Pork - Caul Fat;61.58;Snacks
708;Tagopia;Sauce - Thousand Island;209.98;Oil & Masala
709;BlogXS;Puff Pastry - Sheets;106.43;Beverages
710;Cogibox;Soup - Campbells Broccoli;107.2;Bakery
711;Zoonder;Bread - Mini Hamburger Bun;58.89;Food Grains
712;Innojam;Uniform Linen Charge;242.79;Snacks
713;Thoughtbridge;Sherbet - Raspberry;234.43;Eggs, Meat & Fish
714;Mydeo;Quail Eggs - Canned;62.36;Food Grains
715;Gigashots;Bar Mix - Lemon;133.3;Food Grains
716;Skyble;Guinea Fowl;228.69;Food Grains
717;Skippad;Sauce - Cranberry;231.15;Fruits & Veggies
718;Kwideo;Cheese - Grie Des Champ;176.49;Bakery
719;Voonte;Mustard - Dry, Powder;70.93;Eggs, Meat & Fish
720;Rhycero;Milk - Homo;196.77;Fruits & Veggies
721;Meejo;Pork - Ham, Virginia;36.02;Beverages
722;Wikivu;Prunes - Pitted;192.31;Bakery
723;Dynabox;Appetizer - Sausage Rolls;52.42;Oil & Masala
724;Skidoo;Potatoes - Purple, Organic;178.92;Eggs, Meat & Fish
725;Avaveo;Alize Red Passion;70.84;Food Grains
726;Tagopia;Orange Roughy 6/8 Oz;230.78;Food Grains
727;Quire;Compound - Orange;227.24;Eggs, Meat & Fish
728;Skyvu;Turkey Tenderloin Frozen;25.68;Beverages
729;Babbleset;Fennel;49.41;Oil & Masala
730;Shuffletag;Pie Box - Cello Window 2.5;59.55;Oil & Masala
731;Jaxspan;Beets - Pickled;165.98;Eggs, Meat & Fish
732;Muxo;Rice Pilaf, Dry,package;36.0;Bakery
733;Eabox;Nut - Almond, Blanched, Ground;49.59;Bakery
734;Realpoint;Coke - Diet, 355 Ml;94.7;Beverages
735;Skivee;Wine - Sauvignon Blanc Oyster;249.87;Oil & Masala
736;Tagcat;Dikon;186.88;Snacks
737;Fivespan;Compound - Mocha;57.38;Snacks
738;Janyx;Fond - Neutral;194.77;Snacks
739;Oba;Laundry - Bag Cloth;186.68;Oil & Masala
740;Ainyx;Chocolate - Pistoles, White;84.36;Bakery
741;Topdrive;Lamb Rack - Ontario;108.05;Beverages
742;Browsetype;Skirt - 29 Foot;161.86;Snacks
743;Jatri;Beef - Rouladin, Sliced;77.17;Food Grains
744;Katz;Tomatoes;75.25;Bakery
745;Agimba;Five Alive Citrus;61.36;Food Grains
746;Flashspan;Rum - Dark, Bacardi, Black;188.17;Eggs, Meat & Fish
747;Buzzdog;Vermouth - Sweet, Cinzano;129.49;Oil & Masala
748;Photolist;Garbage Bags - Black;17.66;Eggs, Meat & Fish
749;Flashspan;Squid - U 5;36.18;Fruits & Veggies
750;Minyx;Pork - Back, Long Cut, Boneless;27.29;Eggs, Meat & Fish
751;Blogtag;Honey - Liquid;174.52;Oil & Masala
752;Wordtune;Wine - Charddonnay Errazuriz;249.46;Fruits & Veggies
753;Agimba;Longos - Chicken Curried;67.25;Food Grains
754;Roomm;Flavouring Vanilla Artificial;228.37;Eggs, Meat & Fish
755;Quaxo;Papayas;234.24;Bakery
756;Kimia;Oil - Peanut;163.73;Beverages
757;Buzzdog;Wine - Port Late Bottled Vintage;21.2;Snacks
758;Realfire;Duck - Whole;204.78;Fruits & Veggies
759;Linkbridge;Sterno - Chafing Dish Fuel;142.88;Bakery
760;Oyonder;True - Vue Containers;86.74;Eggs, Meat & Fish
761;Bubblebox;Bar Energy Chocchip;134.68;Beverages
762;Fliptune;Appetiser - Bought;93.04;Food Grains
763;Roodel;Alize Gold Passion;89.02;Snacks
764;Tekfly;Nut - Pistachio, Shelled;26.0;Beverages
765;Dabjam;Rice - Wild;233.93;Eggs, Meat & Fish
766;Blogspan;Apple - Northern Spy;157.51;Beverages
767;Zava;Veal - Sweetbread;80.97;Snacks
768;Eamia;Cookie Chocolate Chip With;133.75;Food Grains
769;Voonyx;Tomatoes - Vine Ripe, Yellow;238.05;Food Grains
770;Devcast;Shrimp - Baby, Warm Water;101.61;Food Grains
771;Wikizz;Shrimp - 100 / 200 Cold Water;126.4;Eggs, Meat & Fish
772;Jetwire;Energy Drink - Franks Pineapple;56.36;Eggs, Meat & Fish
773;Ozu;Cranberries - Fresh;224.34;Food Grains
774;Abatz;Wine - Rioja Campo Viejo;18.21;Oil & Masala
775;Gabspot;Salmon - Atlantic, Skin On;208.7;Fruits & Veggies
776;Jaxworks;Bread - White, Sliced;234.43;Beverages
777;Skibox;Vermouth - White, Cinzano;232.9;Snacks
778;Feedbug;Shrimp - 21/25, Peel And Deviened;20.94;Food Grains
779;Voolith;Mangostein;66.95;Food Grains
780;Photospace;Gingerale - Diet - Schweppes;164.36;Eggs, Meat & Fish
781;Minyx;Garbage Bags - Clear;213.46;Bakery
782;Agimba;Wine - Red, Gamay Noir;202.77;Eggs, Meat & Fish
783;Yombu;Tomatoes - Hot House;187.23;Food Grains
784;Mycat;Salad Dressing;244.72;Food Grains
785;Mybuzz;Carbonated Water - Strawberry;183.92;Eggs, Meat & Fish
786;Jayo;Lettuce - Boston Bib - Organic;38.13;Eggs, Meat & Fish
787;Mydeo;Soup - Campbells Mushroom;220.75;Bakery
788;Quatz;Table Cloth 91x91 Colour;97.71;Snacks
789;Zoozzy;Bread - Dark Rye, Loaf;168.36;Snacks
790;Roomm;Jam - Raspberry;216.43;Snacks
791;Wordify;Canadian Emmenthal;105.6;Food Grains
792;Oodoo;Beef - Outside, Round;122.05;Bakery
793;Jetwire;Cheese - Le Cru Du Clocher;95.83;Fruits & Veggies
794;Aimbu;Apple - Custard;181.13;Snacks
795;Quinu;Cheese - Romano, Grated;28.46;Oil & Masala
796;Dabtype;Ice - Clear, 300 Lb For Carving;100.89;Food Grains
797;Wordtune;Wine - Chardonnay South;145.97;Food Grains
798;Eamia;Veal - Inside Round / Top, Lean;169.0;Food Grains
799;Yotz;Dried Peach;115.18;Beverages
800;Omba;Tomatoes - Yellow Hot House;196.87;Fruits & Veggies
801;Meezzy;Yeast Dry - Fermipan;29.33;Snacks
802;Dynava;Energy Drink;178.02;Fruits & Veggies
803;Skidoo;Wine - Chardonnay Mondavi;158.36;Eggs, Meat & Fish
804;Feedfire;Bagel - Plain;46.1;Food Grains
805;Skiba;Cheese - Parmesan Cubes;180.95;Bakery
806;Jatri;Pastry - Apple Muffins - Mini;70.11;Snacks
807;Quire;Bok Choy - Baby;106.19;Food Grains
808;Jabbercube;Wine - Niagara,vqa Reisling;32.49;Bakery
809;Babbleset;Wine - Mondavi Coastal Private;38.53;Eggs, Meat & Fish
810;Jabbertype;Wine - Pinot Noir Mondavi Coastal;96.17;Fruits & Veggies
811;Twiyo;Tomato Puree;231.04;Eggs, Meat & Fish
812;Ailane;Lamb Leg - Bone - In Nz;198.21;Eggs, Meat & Fish
813;Centidel;Apples - Spartan;186.98;Bakery
814;Flashset;Mayonnaise;151.02;Snacks
815;Zava;Wine - Balbach Riverside;81.62;Fruits & Veggies
816;Tagtune;Chocolate Bar - Coffee Crisp;81.81;Beverages
817;Roomm;Mushroom - Chanterelle, Dry;20.27;Beverages
818;Skibox;Chocolate - Milk, Callets;202.42;Bakery
819;Zoomdog;Sugar - Cubes;226.11;Snacks
820;Twitterbeat;Wine - Magnotta - Belpaese;110.45;Beverages
821;Skinix;Irish Cream - Baileys;152.5;Fruits & Veggies
822;Jayo;Cocoa Feuilletine;74.86;Beverages
823;Ozu;Coffee - Cafe Moreno;79.48;Bakery
824;Eayo;Pasta - Shells, Medium, Dry;219.92;Food Grains
825;Plajo;Spice - Paprika;168.14;Snacks
826;Rhycero;Nutmeg - Ground;207.15;Snacks
827;Leenti;Potatoes - Parissienne;248.22;Bakery
828;Yakijo;Orange Roughy 4/6 Oz;138.61;Bakery
829;Snaptags;Ice Cream Bar - Hagen Daz;36.08;Food Grains
830;Edgepulse;Veal - Eye Of Round;124.09;Eggs, Meat & Fish
831;Blogpad;French Kiss Vanilla;199.51;Beverages
832;Devpoint;Otomegusa Dashi Konbu;158.78;Snacks
833;Tagopia;V8 Splash Strawberry Kiwi;47.29;Beverages
834;Blogspan;Tomatoes - Vine Ripe, Red;220.54;Food Grains
835;Dabjam;Juice - Ocean Spray Kiwi;167.97;Food Grains
836;Brainlounge;Cookie Chocolate Chip With;200.48;Beverages
837;Yambee;Wine - White, Riesling, Henry Of;121.96;Snacks
838;Thoughtmix;Pizza Pizza Dough;33.54;Bakery
839;Kamba;Sterno - Chafing Dish Fuel;155.77;Eggs, Meat & Fish
840;Wikivu;Wine - White, Riesling, Henry Of;242.21;Oil & Masala
841;Omba;Muffin Orange Individual;159.37;Eggs, Meat & Fish
842;Snaptags;Juice - Orange, 341 Ml;19.34;Food Grains
843;Camimbo;Syrup - Monin, Swiss Choclate;157.25;Eggs, Meat & Fish
844;Dabtype;Fenngreek Seed;223.75;Food Grains
845;Jayo;Oil - Peanut;51.21;Beverages
846;Devpulse;Appetizer - Escargot Puff;198.68;Beverages
847;Zoonder;Beer - Blue Light;124.92;Food Grains
848;Photolist;Nut - Cashews, Whole, Raw;65.47;Bakery
849;Linkbridge;Scallops - In Shell;143.63;Oil & Masala
850;Tagcat;Nectarines;186.81;Fruits & Veggies
851;Mydo;Chinese Foods - Plain Fried Rice;114.64;Beverages
852;Topicware;Venison - Denver Leg Boneless;95.26;Eggs, Meat & Fish
853;Jetwire;Compound - Passion Fruit;122.69;Eggs, Meat & Fish
854;Vinte;Salami - Genova;188.05;Bakery
855;Thoughtworks;Quail - Jumbo Boneless;168.26;Oil & Masala
856;Thoughtstorm;Onions - Red;173.35;Snacks
857;Vitz;Pasta - Tortellini, Fresh;229.59;Food Grains
858;Edgeblab;Parsnip;97.86;Food Grains
859;Wikido;Cattail Hearts;213.81;Bakery
860;Photobug;Ice Cream - Life Savers;130.82;Eggs, Meat & Fish
861;Tagchat;Foam Dinner Plate;15.49;Food Grains
862;Jabberbean;Tart - Lemon;192.94;Bakery
863;Flipstorm;Huck White Towels;100.66;Food Grains
864;Feedbug;Tart Shells - Sweet, 3;83.9;Eggs, Meat & Fish
865;Babblestorm;Spic And Span All Purpose;120.75;Food Grains
866;Jazzy;Cheese - Comtomme;143.45;Eggs, Meat & Fish
867;Youbridge;Wine - Conde De Valdemar;58.55;Eggs, Meat & Fish
868;Blogtag;Ecolab - Ster Bac;240.69;Beverages
869;Yodel;Puree - Kiwi;139.38;Beverages
870;Thoughtbridge;Bread - Rolls, Corn;194.58;Food Grains
871;Thoughtsphere;Rye Special Old;123.13;Bakery
872;Quinu;Cheese - Parmesan Cubes;68.72;Oil & Masala
873;Devify;Bacardi Raspberry;36.16;Eggs, Meat & Fish
874;Avavee;Butter Sweet;114.35;Fruits & Veggies
875;Babbleblab;Wine - Valpolicella Masi;59.07;Food Grains
876;Eire;Bread - Assorted Rolls;89.2;Beverages
877;Photobug;Garbag Bags - Black;193.57;Oil & Masala
878;Oozz;Rabbit - Frozen;80.74;Bakery
879;Eazzy;Pastry - Butterscotch Baked;147.08;Food Grains
880;Digitube;Bread - White, Unsliced;129.97;Bakery
881;Reallinks;Sauce - Salsa;82.56;Beverages
882;Meevee;Chicken - Wieners;30.32;Fruits & Veggies
883;Fivechat;Juice - Clam, 46 Oz;55.4;Bakery
884;Realbridge;Napkin - Dinner, White;185.12;Fruits & Veggies
885;Meembee;Wine - Trimbach Pinot Blanc;94.16;Snacks
886;Zava;Compound - Passion Fruit;168.76;Oil & Masala
887;Centizu;Beans - Soya Bean;129.0;Food Grains
888;Eimbee;Wine - Segura Viudas Aria Brut;173.32;Food Grains
889;Leenti;Vodka - Smirnoff;124.56;Beverages
890;Meetz;Wine - Jackson Triggs Okonagan;150.89;Bakery
891;Leexo;Jolt Cola;64.26;Bakery
892;Wordtune;Oyster - In Shell;67.89;Food Grains
893;Photofeed;Cup - Translucent 7 Oz Clear;40.94;Snacks
894;Meevee;Pepper - Black, Crushed;148.63;Oil & Masala
895;Skimia;Lychee;151.29;Oil & Masala
896;Katz;The Pop Shoppe - Grape;101.99;Food Grains
897;Eidel;Cheese - Colby;16.32;Food Grains
898;Tekfly;Emulsifier;131.8;Fruits & Veggies
899;Yozio;Energy Drink;134.55;Eggs, Meat & Fish
900;Zooxo;Star Fruit;212.5;Beverages
901;Meevee;Wine - Red, Mosaic Zweigelt;190.94;Snacks
902;Quatz;Wild Boar - Tenderloin;149.31;Eggs, Meat & Fish
903;Twitterbeat;Beer - Upper Canada Lager;153.14;Eggs, Meat & Fish
904;Izio;Cattail Hearts;71.69;Oil & Masala
905;Skipstorm;Wine - Sauvignon Blanc Oyster;233.46;Beverages
906;Demimbu;Oven Mitts - 15 Inch;229.71;Snacks
907;Brainbox;Ostrich - Prime Cut;171.59;Snacks
908;Feedfish;Tortillas - Flour, 12;154.08;Snacks
909;Jaloo;Lobster - Baby, Boiled;123.27;Snacks
910;Mycat;Sour Puss Raspberry;66.08;Food Grains
911;Avamba;Vinegar - Champagne;168.28;Fruits & Veggies
912;Quimm;Cheese - Le Cru Du Clocher;185.29;Food Grains
913;Nlounge;Bagel - Ched Chs Presliced;92.54;Beverages
914;Ooba;Lobster - Tail 6 Oz;213.45;Bakery
915;Geba;Cup Translucent 9 Oz;69.22;Food Grains
916;Rhycero;Nut - Pecan, Halves;176.14;Beverages
917;Youspan;Huck Towels White;57.0;Eggs, Meat & Fish
918;Livepath;7up Diet, 355 Ml;129.93;Oil & Masala
919;Zoombeat;Alize Sunset;170.49;Snacks
920;Dablist;Wine - Red, Black Opal Shiraz;127.09;Bakery
921;Yabox;Cod - Black Whole Fillet;215.9;Eggs, Meat & Fish
922;Avaveo;Cookie Dough - Oatmeal Rasin;99.39;Eggs, Meat & Fish
923;Jamia;Pears - Anjou;203.64;Food Grains
924;Brainverse;Sauce - Sesame Thai Dressing;205.69;Snacks
925;Eadel;Cleaner - Pine Sol;88.06;Food Grains
926;Gabtune;Fondant - Icing;68.87;Bakery
927;Oodoo;Pasta - Fett Alfredo, Single Serve;133.62;Oil & Masala
928;Blogtag;Loaf Pan - 2 Lb, Foil;172.14;Snacks
929;Twitterwire;Plasticknivesblack;96.62;Bakery
930;Oozz;Onions Granulated;38.7;Beverages
931;Jabbertype;Potatoes - Parissienne;94.8;Food Grains
932;Edgeclub;Puree - Raspberry;156.17;Bakery
933;Livefish;Coconut - Shredded, Unsweet;112.52;Fruits & Veggies
934;Roombo;Fudge - Cream Fudge;200.51;Fruits & Veggies
935;Twinte;Pasta - Penne, Lisce, Dry;39.47;Snacks
936;Ntag;Danishes - Mini Cheese;103.95;Oil & Masala
937;Gabvine;Veal - Leg;50.14;Beverages
938;Brightdog;Grenadillo;88.42;Bakery
939;Vidoo;Ocean Spray - Ruby Red;160.19;Bakery
940;Mita;Bread Base - Toscano;50.28;Oil & Masala
941;Wordify;Soup - Campbells Mushroom;71.77;Fruits & Veggies
942;Kaymbo;Shrimp - Tiger 21/25;229.06;Oil & Masala
943;Rhyloo;Spice - Onion Powder Granulated;120.59;Bakery
944;Quaxo;Sesame Seed Black;231.18;Food Grains
945;Thoughtstorm;Butter Ripple - Phillips;51.65;Fruits & Veggies
946;Rhycero;Pastry - Plain Baked Croissant;50.76;Oil & Masala
947;Npath;Bread - Hot Dog Buns;234.16;Fruits & Veggies
948;Skalith;Chocolate - Compound Coating;145.33;Snacks
949;Edgeblab;Pectin;215.56;Beverages
950;Kamba;Lid - 0090 Clear;189.49;Food Grains
951;Digitube;Brocolinni - Gaylan, Chinese;64.35;Oil & Masala
952;Dabshots;Mushroom - Oyster, Fresh;133.7;Food Grains
953;Tazz;Orange - Canned, Mandarin;150.81;Snacks
954;Voonte;Mousse - Mango;64.04;Fruits & Veggies
955;Riffpath;Icecream - Dstk Cml And Fdg;158.77;Oil & Masala
956;Fivespan;Worcestershire Sauce;161.24;Fruits & Veggies
957;Mydeo;Oil - Food, Lacquer Spray;47.67;Eggs, Meat & Fish
958;Demivee;Kolrabi;246.89;Eggs, Meat & Fish
959;Wikizz;Bag - Regular Kraft 20 Lb;177.87;Eggs, Meat & Fish
960;Oloo;Squid - U 5;34.28;Bakery
961;Yodel;The Pop Shoppe - Black Cherry;175.28;Snacks
962;Abatz;Blouse / Shirt / Sweater;20.41;Beverages
963;Zoombox;Sugar - Palm;222.24;Bakery
964;Eazzy;Wooden Mop Handle;183.74;Oil & Masala
965;Trudoo;Goat - Leg;151.56;Snacks
966;Zooveo;Wine - Sawmill Creek Autumn;172.63;Bakery
967;Mybuzz;Beans - Fine;160.9;Oil & Masala
968;Yamia;Pasta - Canelloni;58.03;Bakery
969;Kanoodle;Whmis - Spray Bottle Trigger;170.62;Bakery
970;Blognation;Port - 74 Brights;60.14;Eggs, Meat & Fish
971;Skinder;Bread Country Roll;221.41;Food Grains
972;Topicshots;Beans - Kidney, Red Dry;231.74;Beverages
973;Topiczoom;Napkin - Beverage 1 Ply;158.91;Oil & Masala
974;Realbuzz;Tea - Honey Green Tea;163.41;Eggs, Meat & Fish
975;Zoonoodle;Doilies - 12, Paper;228.27;Food Grains
976;Rhyzio;Tart Shells - Savory, 4;29.83;Bakery
977;Ailane;Maple Syrup;215.11;Fruits & Veggies
978;Abata;Pork - Hock And Feet Attached;188.46;Eggs, Meat & Fish
979;Youfeed;Milk - Condensed;185.93;Eggs, Meat & Fish
980;Skidoo;Bar Mix - Lime;123.07;Bakery
981;Digitube;Coffee - Egg Nog Capuccino;117.43;Snacks
982;Rhybox;Wine - Red, Lurton Merlot De;25.42;Food Grains
983;Browsetype;Cake - French Pear Tart;207.52;Oil & Masala
984;Skinix;Oranges;135.81;Beverages
985;Zoomdog;Beef - Top Sirloin;185.45;Bakery
986;Agimba;Flour Pastry Super Fine;152.62;Eggs, Meat & Fish
987;Quatz;Turkey Tenderloin Frozen;159.21;Snacks
988;Jabbertype;Buffalo - Striploin;238.31;Eggs, Meat & Fish
989;Roodel;Wooden Mop Handle;169.12;Oil & Masala
990;Ozu;Creme De Cacao Mcguines;154.75;Snacks
991;Meezzy;Beef - Tongue, Fresh;235.96;Snacks
992;Devbug;Beef - Kindney, Whole;207.26;Food Grains
993;Devpoint;Wine - Stoneliegh Sauvignon;196.19;Bakery
994;Buzzshare;Wine - White, Ej Gallo;157.03;Beverages
995;Gabtype;Bread Cranberry Foccacia;225.19;Snacks
996;Rhynoodle;Wine - White, Pinot Grigio;41.33;Fruits & Veggies
997;Blogtag;Glass Clear 8 Oz;64.02;Snacks
998;Gabtune;Juice - Pineapple, 341 Ml;18.33;Oil & Masala
999;Flashspan;Vodka - Moskovskaya;248.97;Beverages
1000;Livepath;Squid - Breaded;161.62;